"id","user_id","subject","comment","created_at","updated_at"
"1","1296","Lo va a buscar para traerlo",NULL,"2023-01-11 16:01:13","2023-01-11 19:56:08"
"2","1311","El número no existe",NULL,"2023-01-11 16:03:05","2023-01-11 16:03:05"
"3","882","Los trae el domingo 15",NULL,"2023-01-11 16:06:02","2023-01-11 16:06:02"
"4","1139","El número no existe",NULL,"2023-01-11 16:10:44","2023-01-11 16:10:44"
"5","1065","a finales de enero devuelve 5 ejemplares","<div>Reincidente, tenía scum y diario desde 2019. Hay que vigilar</div>","2023-01-11 18:10:12","2023-01-11 18:24:01"
"6","1307","Karol lo gestiona por email",NULL,"2023-01-11 20:01:59","2023-01-11 20:01:59"
"7","630","Lo revisa","<div>Vivía con Ángel. Se mudó y creía haberlo devuelto. Lo revisa y nos avisa al mail si no.</div>","2023-01-19 19:06:19","2023-01-19 19:06:19"
"8","325","No contesta. RELLAMAR.",NULL,"2023-01-19 19:08:13","2023-01-19 19:08:13"
"9","648","El teléfono no existe",NULL,"2023-01-19 19:08:37","2023-01-19 19:08:37"
"10","978","No coge. RELLAMAR.",NULL,"2023-01-19 19:10:51","2023-01-19 19:10:51"
"11","979","Lo va a buscar para devolverlo.","<div>Libro: Los fondos buitre, capitalismo depredador</div>","2023-01-19 19:11:27","2023-01-19 19:11:27"
"12","945","no coge. RELLAMAR",NULL,"2023-01-19 19:11:45","2023-01-19 19:11:45"
"13","924","no coge. RELLAMAR",NULL,"2023-01-19 19:11:58","2023-01-19 19:11:58"
"14","982","no coge. RELLAMAR",NULL,"2023-01-19 19:12:13","2023-01-19 19:12:13"
"15","986","no coge. RELLAMAR",NULL,"2023-01-19 19:12:57","2023-01-19 19:12:57"
"16","987","Se acerca a devolverlos el domingo 22 de febrero de 2022","<div>Libro:&nbsp; De la historia a la acción<br><br>Dice que traerá otros dos para compensar.</div>","2023-01-19 19:13:32","2023-01-19 19:13:32"
"17","989","Los devuelve en Granel","<div>En teoría próximamente.</div>","2023-01-19 19:13:57","2023-01-19 19:13:57"
"18","994","no coge. RELLAMAR",NULL,"2023-01-19 19:14:14","2023-01-19 19:14:14"
"19","991","Le he llamado por telepatía","<div>No responde.</div>","2023-01-19 19:14:34","2023-01-19 19:14:34"
"20","1020","Los busca. El email estaba mal.",NULL,"2023-01-19 19:27:32","2023-01-19 19:27:32"
"21","1016","No coge. RELLAMAR",NULL,"2023-01-19 19:27:49","2023-01-19 19:27:49"
"22","1004","Que le llame mañana.","<div>Sí, claro, y le hago la colada también de paso.</div>","2023-01-19 19:28:27","2023-01-19 19:28:27"
"23","997","no coge. RELLAMAR",NULL,"2023-01-19 19:28:41","2023-01-19 19:28:41"
"24","608","No coge. RELLAMAR",NULL,"2023-01-19 19:39:16","2023-01-19 19:39:16"
"25","1006","No coge. RELLAMAR",NULL,"2023-01-19 19:39:29","2023-01-19 19:39:29"
"26","1015","Los devuelve en dos semanas a través de un amigo","<div>Los había perdido y los ha encontrado. Vive fuera y los manda a través de un amigo. Nos mandó un e-mail sobre ello.</div>","2023-01-19 19:40:08","2023-01-19 19:40:08"
"27","1005","Coge y cuelga. RELLAMAR.",NULL,"2023-01-19 19:41:25","2023-01-19 19:41:25"
"28","1048","No lo coge. RELLAMAR",NULL,"2023-02-06 15:53:46","2023-02-06 15:53:46"
"29","1047","No coge. RELLAMAR",NULL,"2023-02-06 15:57:57","2023-02-06 15:57:57"
"30","1037","No coge. RELLAMAR",NULL,"2023-02-06 16:00:30","2023-02-06 16:00:30"
"32","1059","No coge. RELLAMAR",NULL,"2023-02-06 16:05:08","2023-02-06 16:05:08"
"33","1068","No coge. RELLAMAR",NULL,"2023-02-06 16:08:01","2023-02-06 16:08:01"
"34","1069","No coge. RELLAMAR",NULL,"2023-02-06 16:11:11","2023-02-06 16:11:11"
"35","1055","Comprará el libro. Seguir mandando los correos. Lo tiene presente",NULL,"2023-02-06 16:13:46","2023-02-06 16:13:46"
"36","1076","Los recolecta y los devuelve cuando pueda",NULL,"2023-02-06 16:16:06","2023-02-06 19:18:28"
"37","911","Los devuelve mañana 7.2.23",NULL,"2023-02-06 16:19:11","2023-02-06 16:19:11"
"38","1078","Los devuelve. intenta cuadrar horarios",NULL,"2023-02-06 16:23:45","2023-02-06 16:23:45"
"39","1079","No existe tlf",NULL,"2023-02-06 16:25:32","2023-02-06 16:25:32"
"40","1061","No coge. RELLAMAR",NULL,"2023-02-06 16:27:17","2023-02-06 16:27:17"
"41","1083","Teléfono erróneo.",NULL,"2023-02-06 16:29:52","2023-02-06 16:29:52"
"42","1071","No coge. RELLAMAR",NULL,"2023-02-06 16:31:58","2023-02-06 16:31:58"
"43","1062","No existe tlf",NULL,"2023-02-06 16:35:06","2023-02-06 16:35:06"
"44","1104","No existe tlf",NULL,"2023-02-06 16:36:36","2023-02-06 16:36:36"
"45","1117","No coge. RELLAMAR",NULL,"2023-02-06 16:38:16","2023-02-06 16:38:16"
"46","1122","No coge. RELLAMAR",NULL,"2023-02-06 16:40:28","2023-02-06 16:40:28"
"47","1111","No coge. RELLAMAR",NULL,"2023-02-06 16:42:34","2023-02-06 16:42:34"
"48","1124","No coge. RELLAMAR",NULL,"2023-02-06 16:44:16","2023-02-06 16:44:16"
"49","1125","No existe tlf",NULL,"2023-02-06 16:45:48","2023-02-06 16:45:48"
"50","1129","Lo devuelve",NULL,"2023-02-06 16:48:33","2023-02-06 16:48:33"
"51","1135","No coge. RELLAMAR",NULL,"2023-02-06 16:50:25","2023-02-06 16:50:25"
"53","1144","No coge. RELLAMAR",NULL,"2023-02-06 16:53:58","2023-02-06 16:53:58"
"54","1163","No existe tlf. Correo parece falso",NULL,"2023-02-06 16:56:25","2023-02-06 16:56:25"
"55","1155","No lo tiene. Ni está en Madrid",NULL,"2023-02-06 17:01:13","2023-02-06 17:01:13"
"57","1173","Línea ocupada. RELLAMAR",NULL,"2023-02-06 17:05:32","2023-02-06 17:05:32"
"58","1180","No coge. RELLAMAR",NULL,"2023-02-06 17:09:05","2023-02-06 17:09:05"
"60","1198","No coge. RELLAMAR",NULL,"2023-02-06 17:15:23","2023-02-06 17:15:23"
"61","1148","No coge. RELLAMAR",NULL,"2023-02-06 17:17:53","2023-02-06 17:17:53"
"62","1210","No coge. RELLAMAR",NULL,"2023-02-06 17:19:26","2023-02-06 17:19:26"
"63","685","Lo compra y lo repone. Lo mandará y enviará un correo.",NULL,"2023-02-06 17:25:19","2023-02-06 17:25:19"
"64","1219","No coge. RELLAMAR",NULL,"2023-02-06 17:27:28","2023-02-06 17:27:28"
"65","1227","Los devuelve por correo. Mandar email con la dirección",NULL,"2023-02-06 17:36:34","2023-02-06 17:36:34"
"66","1253","Lo devuelve, intenta este finde",NULL,"2023-02-06 17:48:29","2023-02-06 17:48:29"
"67","1136","No coge. RELLAMAR",NULL,"2023-02-06 17:50:31","2023-02-06 17:50:31"
"68","1263","No coge. RELLAMAR",NULL,"2023-02-06 17:52:20","2023-02-06 17:52:20"
"69","1255","No coge. RELLAMAR",NULL,"2023-02-06 17:54:48","2023-02-06 17:54:48"
"70","1284","No coge. RELLAMAR",NULL,"2023-02-06 17:56:39","2023-02-06 17:56:39"
"71","551","No coge. RELLAMAR",NULL,"2023-02-06 18:06:58","2023-02-06 18:06:58"
"72","1324","Lo devuelve",NULL,"2023-02-06 18:11:48","2023-02-06 18:11:48"
"73","1327","Los devuelve mañana 7.2.23",NULL,"2023-02-06 18:15:00","2023-02-06 18:43:40"
"74","1328","No coge. RELLAMAR",NULL,"2023-02-06 18:17:26","2023-02-06 18:17:26"
"75","1330","No coge. RELLAMAR",NULL,"2023-02-06 18:18:58","2023-02-06 18:18:58"
"76","896","No coge. RELLAMAR",NULL,"2023-02-06 18:20:38","2023-02-06 18:20:38"
"77","1338","Lo devuelve jueves 9.2.23",NULL,"2023-02-06 18:24:01","2023-02-06 18:24:01"
"78","1344","No coge. RELLAMAR",NULL,"2023-02-06 18:25:38","2023-02-06 18:25:38"
"79","1334","Lo devuelve mañana 7.2.23",NULL,"2023-02-06 18:28:02","2023-02-06 18:28:02"
"80","1029","Lo devuelve mañana 7.2.23",NULL,"2023-02-06 18:29:49","2023-02-06 18:29:49"
"81","1351","Lo devuelve, le pilla muy lejos.",NULL,"2023-02-06 18:31:56","2023-02-06 18:31:56"
"82","1350","Lo devuelve esta semana",NULL,"2023-02-06 18:34:08","2023-02-06 18:34:08"
"83","1175","Los devuelve esta semana",NULL,"2023-02-06 18:36:45","2023-02-06 18:36:45"
"84","1356","Lo intenta devolver esta semana",NULL,"2023-02-06 18:39:05","2023-02-06 18:39:21"
"85","1358","tlf mal",NULL,"2023-02-06 18:41:03","2023-02-06 18:41:03"
"86","1301","No existe tlf",NULL,"2023-02-06 18:44:05","2023-02-06 18:44:05"
"87","1087","No coge. RELLAMAR",NULL,"2023-02-06 18:45:24","2023-02-06 18:45:24"
"88","586","Lo devuelve esta semana",NULL,"2023-02-06 18:47:52","2023-02-06 18:47:52"
"89","1276","Los devuelve",NULL,"2023-02-06 18:49:41","2023-02-06 18:51:05"
"90","1065","ültimo finde febrero o primero marzo",NULL,"2023-02-14 17:31:33","2023-02-14 17:31:33"
"91","551","lo envía por correo a granel",NULL,"2023-02-14 17:40:26","2023-02-14 17:40:26"
"92","1328","No coge. RELLAMAR",NULL,"2023-02-14 17:43:31","2023-02-14 17:43:31"
"93","1052","lo va a devolver, de verdad, de verdad",NULL,"2023-02-14 17:56:50","2023-02-14 17:56:50"
"94","1255","Comunica",NULL,"2023-05-06 11:13:46","2023-05-06 11:14:04"
"95","1227","Los traerá un familiar","<div>Dice que no vive en Madrid. Le insisto. Los traerá un familiar.</div>","2023-06-13 16:12:53","2023-06-13 16:12:53"
"96","968","devoluciones borrados","<div>Ha devuelto Barbijaputa, tiene otros dos que traerà la pròxima semana</div>","2023-09-11 16:44:23","2023-09-11 16:44:23"
"97","1513","No contesta",NULL,"2024-03-07 19:48:54","2024-03-07 19:48:54"
"98","325","tlf no operativo","<div>Ese teléfono no va, lo daría por perdido. Mandaría correo por si acaso</div>","2024-04-15 18:42:20","2024-04-15 18:42:20"
"99","1422","Me promete que lo devuelve esta semana","<div>Llamada hecha el 15 de abril 2024</div>","2024-04-15 18:45:57","2024-04-15 18:45:57"
"100","1397","Libros sin devolver","<div>Le dejo mensaje en contestador, y como veo que tiene más, le mando correo desde la cuenta de Primera Vocal</div>","2024-04-15 18:50:39","2024-04-15 18:50:39"
"101","101","Libro no devuelto","<div>No sale el tlf, le mando mail desde Primera Vocal identificándome, que le conozco (15/04/2024)</div>","2024-04-15 18:57:30","2024-04-15 18:57:30"
"102","1293","Libros no devueltos","<div>No tenemos el tlf y le pongo un mail desde Primera Vocal (15/04/2024)</div>","2024-04-15 19:02:07","2024-04-15 19:02:07"
"103","1491","Libros no devueltos","<div>No pilla el tlf (15/04/2024), pero salta un contestado personalizado y dejo un mensaje con tono conciliador a la vez que asertivo.</div>","2024-04-15 19:07:06","2024-04-15 19:07:06"
"104","1433","Libros no devueltos","<div>Mensaje en el contestador y mail desde Primera Vocal&nbsp;</div>","2024-04-15 19:35:09","2024-04-15 19:35:45"
"105","782","Libros no devueltos","<div>No lo coge, le escribo desde Primera Vocal</div>","2024-04-25 15:43:11","2024-04-25 15:43:24"
"106","1513","Libro no devuelto","<div>No pilla el tlf. Le escribo desde Primera Vocal</div>","2024-04-25 15:45:48","2024-04-25 15:45:48"
"107","1522","Libro no devuelto","<div>No me pilla el tlf, dejo mensaje y mando mail desde Primera Vocal</div>","2024-04-25 15:48:46","2024-04-25 15:48:46"
"108","1506","Libro no devuelto","<div>mensaje en el contestador y mail desde Primera Vocal</div>","2024-04-25 15:52:04","2024-04-25 15:52:04"
"109","1399","Libro no devuelto","<div>Mensaje e el contestador y mail desde Primera Vocal</div>","2024-04-25 15:55:16","2024-04-25 15:55:16"
"110","1387","Libro no devuelto","<div>El tlf es erróneo. Mando mail desde Primera Vocal</div>","2024-04-25 15:57:27","2024-04-25 15:57:27"
"111","1421","Libros no devueltos","<div>Que se ha mudado, me dice. Le he dicho que lo siento mucho, pero que en una semana o dos los haga llegar. Que así se nos va la biblioteca a la mierda. Parece que ha sido receptiva,</div>","2024-04-25 16:01:43","2024-04-25 16:01:43"
"112","1301","Libro no devuelto","<div>Este se mudó de España y se lo llevó. Le he pedido que alguien lo traiga. Le mando mail también.</div>","2024-04-25 16:05:09","2024-04-25 16:05:09"
"113","299","Este no tiene tlf. Imagino que es el Seto de toda la vida. Le mando mail.",NULL,"2024-04-25 16:08:09","2026-01-27 14:50:25"
"114","653","Libros no devueltos","<div>No tenemos el tlf, he escrito mail desde Primera Vocal.</div>","2024-05-31 16:57:35","2024-05-31 16:57:35"
"115","896","Libros no devueltos","<div>Dejo mensaje en el contestador</div>","2024-05-31 17:06:23","2024-05-31 17:06:23"
"116","1301","Libro no devuelto","<div>Promete devolver el libro el día 1 de junio</div>","2024-05-31 17:06:57","2024-05-31 17:06:57"
"117","1328","Promete devolverlos antes de acabar junio",NULL,"2024-05-31 17:14:40","2026-01-27 08:33:41"
"118","1250","Libros no devueltos","<div>El tlf no existe. Mando mail vehemente.</div>","2024-05-31 17:19:55","2024-05-31 17:19:55"
"119","1307","Libro no devuelto","<div>No hay tlf. Mando mail.</div>","2024-05-31 17:32:27","2024-05-31 17:32:27"
"120","1313","Libros no devueltos","<div>No tiene tlf. Mando mail.</div>","2024-05-31 17:37:04","2024-05-31 17:37:04"
"121","1266","Libros no devueltos","<div>No sale el tlf, mando mail.</div>","2024-05-31 17:41:12","2024-05-31 17:41:12"
"122","1255","Libros no devueltos","<div>Dejo mensaje en el contestador.</div>","2024-05-31 17:45:41","2024-05-31 17:45:41"
"123","1266","Libros no devueltos","<div>El mail no está operativo.&nbsp;</div>","2024-05-31 17:47:10","2024-05-31 17:47:10"
"124","1296","Libro no devuelto","<div>Me dice que hubo un incendio hace tiempo y se quemaron todos los libros. Se ha comprometido a comprarlo y traerlo.</div>","2024-05-31 17:57:25","2024-05-31 17:57:25"
"125","1350","Libro no devuelto","<div>Me ha colgado y no vuelve a pillarlo. Le pongo mail.</div>","2024-05-31 18:03:15","2024-05-31 18:03:15"
"126","1233","Libros no devueltos","<div>Nada, el mail no funciona, habría que darlos de baja.</div>","2024-05-31 18:18:53","2024-05-31 18:18:53"
"127","1552","franco me hizo terrorista","<div>Llamada 29 de julio (Karol). Dice que lo devuelve mañana.</div>","2024-07-29 18:45:09","2024-07-29 18:45:09"
"128","1006","Lo busca","<div>No vive en España, vuelve en noviembre. Tras insistir dice que le preguntará a sus padres a ver si lo localizan.</div>","2024-09-13 09:04:28","2024-09-13 09:04:28"
"129","1599","No contesta","<div>Se deja mensaje en buzón de voz</div>","2024-12-13 16:32:26","2024-12-13 16:32:26"
"130","1389","No contesta","<div>Pendiente escribirle correo</div>","2024-12-13 16:45:28","2024-12-13 16:45:28"
"131","1389","Devuelve la llamada","<div>Dice que en dos o tres semanas los devuelve, ahora no está en Madrid</div>","2024-12-13 17:02:41","2024-12-13 17:02:41"
"132","1608","LIbro no devuelto ""Muerte y vida en las grandes ciudades""","<div>Se le manda correo desde localmagdalena</div>","2025-01-11 10:32:13","2025-01-11 10:32:13"
"133","1609","Libro no devuelto ""Franquismo y lucha de clases""","<div>Se le manda correo desde localmagdalena</div>","2025-01-11 10:41:16","2025-01-11 10:41:16"
"134","1610","Libros no devueltos","<div>Se le manda correo desde localmagdalena</div>","2025-01-11 10:45:45","2025-01-11 10:45:45"
"135","1577","Libro no devuelto ""Sobrevivir al colapso""","<div>Se le manda correo desde localmagdalena</div>","2025-01-11 10:58:39","2025-01-11 10:58:39"
"136","925","Libro no devuelto ""Verano sin vacaciones, las hijas dela costa del sol""","<div>Se le manda correo desde localmagdalena</div>","2025-01-11 11:08:00","2025-01-11 11:08:00"
"137","1568","Libro no devuelto ""Sociología, estatismo y dominación social""","<div>Se le manda correo desde localmagdalena</div>","2025-01-11 11:20:51","2025-01-11 11:20:51"
"138","1622","Libro no devuelto ""La hoja aKRAta""","<div>Se le manda correo desde localmagdalena</div>","2025-01-11 11:31:24","2025-01-11 11:31:24"
"139","1625","Se le manda correo desde localmagdalena",NULL,"2025-01-11 11:38:22","2026-01-27 09:53:12"
"140","1633","Libro no devuelto ""Aceite y sal""","<div>Se le manda correo desde localmagdalena</div>","2025-01-11 11:46:08","2025-01-11 11:46:08"
"141","1638","Se le manda correo desde localmagdalena",NULL,"2025-01-11 12:07:58","2026-01-27 09:51:44"
"142","1501","Se le manda correo desde localmagdalena",NULL,"2025-01-11 12:25:37","2026-01-27 15:01:04"
"143","1502","Libro no devuelto ""El proceso""","<div>Se le manda correo desde localmagdalena</div>","2025-01-11 12:29:43","2025-01-11 12:29:43"
"144","1539","Libro no devuelto ""Funeral de disfraces""","<div>Se le manda correo desde localmagdalena</div>","2025-01-11 12:33:44","2025-01-11 12:33:44"
"145","1543","Libros no devueltos","<div>Se le manda correo desde localmagdalena</div>","2025-01-11 12:39:07","2025-01-11 12:39:07"
"146","1267","Libro no devuelto ""Anarquismo y homosexualidad""","<div>Se le manda correo desde localmagdalena</div>","2025-01-11 12:41:59","2025-01-11 12:41:59"
"147","1567","Libro no devuelto ""Feminismos islámicos""","<div>Se le manda correo desde localmagdalena</div>","2025-01-11 12:47:03","2025-01-11 12:47:03"
"148","1576","Libro no devuelto ""Anarquismo y educación""","<div>Se le manda correo desde localmagdalena</div>","2025-01-11 12:54:30","2025-01-11 12:54:30"
"149","1608","Llamada ""Muerte y vida en las grandes ciudades""","<div>Dice que mañana pasa a devolverlo</div>","2025-01-31 17:37:02","2025-01-31 17:37:02"
"150","1539","Libro devuelto","<div>Contesta al correo que el libro estaba devuelto. Se revisa y lo está.</div>","2025-01-31 17:41:24","2025-01-31 17:41:24"
"151","1609","Llamada ""Franquismo y lucha de clases""","<div>Está fuera de Madrid por trabajo. Le ha pedido a su compi de piso que devuelva el libro pero pasa de él. En un mes aprox vuelve a Madrid y lo devolverá.</div>","2025-01-31 17:45:43","2025-01-31 17:45:43"
"152","1577","Llamada ""Sobrevivir al colapso""","<div>No puede pasar esta semana, lo intenta la siguiente o dentro de dos&nbsp;</div>","2025-01-31 18:01:45","2025-01-31 18:01:45"
"153","925","Llamada ""Verano sin vacaciones las hijas de la costa de sol""","<div>No contesta la llamada</div>","2025-01-31 18:07:11","2025-01-31 18:07:11"
"154","1568","Llamada ""Sociología, estatismo y dominación social""","<div>Dice que lo devuelve mañana o pasado</div>","2025-01-31 18:14:42","2025-01-31 18:14:42"
"155","1622","Llamada """"La hoja aKRAta""","<div>No contesta el teléfono</div>","2025-01-31 18:17:21","2025-01-31 18:17:21"
"156","1638","No contesta el teléfono",NULL,"2025-01-31 18:25:16","2026-01-27 09:51:56"
"157","1552","Llamada ""franco me hizo terrorista""","<div>Se le mandó email el 27/12, no contestó. Le llamo hoy y dice que lo intentará traer la semana que viene.</div>","2025-01-31 18:32:24","2025-01-31 18:32:24"
"158","925","Llamada ""Verano sin vacaciones las hijas de la costa de sol""","<div>Va a inentar pasarse esta semana</div>","2025-02-02 12:11:16","2025-02-02 12:11:16"
"159","1567","Libro no devuelto ""Feminismos islámicos""","<div>Le escribo otro correo porque su número de teléfono es de otro país</div>","2025-02-02 12:17:20","2025-02-02 12:17:20"
"160","1311","Libro no devuelto ""La semilla""","<div>Se envía correo desde localmagdalena</div>","2025-02-02 12:28:29","2025-02-02 12:28:29"
"161","1568","Libro no devuelto ""Sociología, estatismo y dominación social""","<div>Cumple su palabra y viene a devolverlo :)</div>","2025-02-02 12:31:48","2025-02-02 12:31:48"
"162","1062","Libro ""Manifiesto contra-sexual""","<div>Dejó de contestar los correos. Se le escribe desde localmagdalena</div>","2025-02-08 11:07:12","2025-02-08 11:07:12"
"163","1117","Libro ""los bereberes""","<div>No contesta el teléfono</div>","2025-02-08 11:09:54","2025-02-08 11:09:54"
"164","1527","Devolución libros","<div>Se envía correo desde locamagdalena</div>","2025-02-08 11:21:03","2025-02-08 11:21:03"
"165","1642","Libro ""Indicios de Salamandra""","<div>Se envía correo desde localmagdalena</div>","2025-02-08 11:29:17","2025-02-08 11:29:17"
"166","1638","Le dejo mensaje en el contestador",NULL,"2025-02-08 11:36:38","2026-01-27 09:52:13"
"167","1618","Devolución ""Paseo humorístico a través de las religiones y los dogmas""","<div>Se envía correo desde localmagdalena</div>","2025-02-08 11:40:10","2025-02-08 11:40:10"
"168","1433","Libro ""Frederick""","<div>Se escribe desde localmagdalena</div>","2025-02-08 11:43:49","2025-02-08 11:43:49"
"169","1622","Llamada """"La hoja aKRAta""","<div>Le dejo mensaje en el contestador. Devuelve la llamada, pasarán unxs compis a devolverlo y también traerán donaciones</div>","2025-02-08 11:47:44","2025-02-08 11:50:29"
"170","1567","Libro no devuelto ""Feminismos islámicos""","<div>Le escribo un whatsapp (Vir)</div>","2025-02-08 11:56:42","2025-02-08 11:56:42"
"171","1610","Llamada ""el apoyo mutuo"" y  ""criminologia  y anarquismo""","<div>No contesta el teléfono</div>","2025-02-08 12:04:19","2025-02-08 12:04:19"
"172","282","Libros no devueltos","<div>Se escribe correo desde localmagdalena</div>","2025-02-08 12:37:35","2025-02-08 12:37:35"
"173","1501","Dice que pasa mañana a devolverlo",NULL,"2025-02-08 12:41:15","2026-01-27 15:01:17"
"174","1552","Lo ha perdido","<div>Dice que el préstamo era para su novio y que lo ha perdido. Que lo van a comprar. Cero confiable.</div>","2025-05-01 11:18:04","2025-05-01 11:18:04"
"175","1610","Devolución libros","<div>Hago llamada (no responde) y escribo por whatsapp (Vir)</div>","2025-06-04 16:45:36","2025-06-04 16:45:36"
"176","1609","Llamada ""Franquismo y lucha de clases""","<div>No ha podido recuperarlo de su compi de piso, le propongo comprarlo en traficantes y que vayamos a recogerlo. Quedo en llamarle en 3 días (Vir)</div>","2025-06-04 16:50:42","2025-06-04 16:50:42"
"177","1577","Devolución","<div>Dice que si o si pasa esta semana antes de irse de vacaciones, que tiene pendiente escanear un capítulo y todavía no lo ha hecho. Está con su compi que también tiene pendiente de devolver un libro</div>","2025-06-04 17:01:40","2025-06-04 17:01:40"
"178","1599","Devolución libros: no contesta","<div>Devolución libros: no contesta</div>","2025-06-04 17:06:22","2025-06-04 17:06:22"
"179","1582","Se manda correo dede localmagdalena",NULL,"2025-06-04 17:52:05","2026-01-27 14:45:10"
"180","1522","Devolución ""Revolución en Rojava""","<div>No contesta la llamada, se envía correo desde localmagdalena</div>","2025-06-04 18:05:43","2025-06-04 18:05:43"
"181","1543","Llamada + e-mail","<div>Dice que lo trae esta semana. No me lo creo.</div>","2025-06-10 16:37:13","2025-06-10 16:37:13"
"182","1731","Devolución ""Quemar a Troncoso""","<div>Se escribe correo desde localmagdalena</div>","2025-09-05 16:19:54","2025-09-05 16:19:54"
"183","1530","Devolución Crítica de la ideología insurreccionalistas","<div>Se manda correo desde localmagdalena</div>","2025-09-05 17:20:46","2025-09-05 17:20:46"
"184","1723","Devolucion historia social del flamenco","<div>Se manda correo desde localmagdalena</div>","2025-09-05 17:21:55","2025-09-05 17:21:55"
"185","1710","Se manda correo desde localmagdalena",NULL,"2025-09-05 17:22:43","2026-01-26 18:02:41"
"186","1702","Se manda correo desde localmagdalena",NULL,"2025-09-05 17:23:24","2026-01-26 17:35:38"
"187","1713","Se manda correo desde localmagdalena",NULL,"2025-09-05 17:26:26","2026-01-26 18:07:53"
"188","1711","Devolución Viaje a la Palestina ocupada","<div>Se manda correo desde localmagdalena</div>","2025-09-05 17:31:39","2025-09-05 17:31:39"
"189","1679","Devolución (h)amor2","<div>Se manda correo desde localmagdalena</div>","2025-09-05 17:33:58","2025-09-05 17:33:58"
"190","1589","Se manda correo desde localmagdalena",NULL,"2025-09-05 17:36:28","2026-01-26 18:12:14"
"191","1417","Se manda correo desde localmagdalena",NULL,"2025-09-05 17:40:09","2026-01-26 18:14:12"
"192","1668","Devolución Las raíces del anarquismo","<div>Se manda correo desde localmagdalena</div>","2025-09-05 18:30:59","2025-09-05 18:30:59"
"193","1708","Se manda correo desde localmagdalena",NULL,"2025-09-05 18:40:06","2026-01-26 18:19:14"
"194","1706","Devolución Yo soy frontera","<div>Se manda correo desde localmagdalena</div>","2025-09-05 18:42:21","2025-09-05 18:42:21"
"195","1700","Se envía correo desde localmagdalena",NULL,"2025-09-10 16:33:40","2026-01-26 17:37:58"
"196","1695","Se envía correo desde localmagdalena",NULL,"2025-09-10 16:38:38","2026-01-27 09:42:14"
"197","1681","Devolución libros","<div>Se envía correo desde localmagdalena</div>","2025-09-10 16:40:43","2025-09-10 16:40:43"
"198","1677","Se envía correo desde localmagdalena",NULL,"2025-09-10 16:44:25","2026-01-27 09:49:37"
"199","1664","Escribió en marzo diciendo que pasaría a devolverlos, se envía correo desde localmagdalena",NULL,"2025-09-10 16:47:51","2026-01-27 08:27:53"
"200","1617","Se envía correo desde localmagdalena",NULL,"2025-09-10 17:20:02","2026-01-27 09:36:41"
"201","1590","Devolución Crip","<div>Se envía correo desde localmagdalena</div>","2025-09-10 17:24:16","2025-09-10 17:24:16"
"202","1293","Devolución libros","<div>Se envía correo desde localmagdalena</div>","2025-09-10 17:30:06","2025-09-10 17:30:06"
"203","1584","Devolución la cara desnuda de la mujer árabe","<div>Se envía correo desde localmagdalena</div>","2025-09-10 17:33:59","2025-09-10 17:33:59"
"204","1389","Tiene los libros localizados","<div>me ha dicho que se acerca pronto a devolverlos. Después de un año que le ha llevado mudarse porque ha estado de baja. Es maja y se ha disculpado, pero no fiarse de las morosas de libros.</div>","2025-10-02 17:28:27","2025-10-02 17:29:12"
"205","685","Devolución libros","<div>Le escribo desde localmagdalena</div>","2025-11-08 10:07:52","2025-11-08 10:07:52"
"206","76","Devolución Diamantes para la dictadura del proletariado","<div>se le escribe desde localmagdalena</div>","2025-11-08 10:12:28","2025-11-08 10:12:28"
"207","653","Devolución La transición del feudalismo al capitalismo","<div>se le escribe desde localmagdalena</div>","2025-11-08 10:18:05","2025-11-08 10:18:05"
"208","1310","Devolución libros Kronstadt","<div>se le escribe desde localmagdalena</div>","2025-11-08 10:22:31","2025-11-08 10:22:31"
"209","1741","Devolución libros","<div>se escribe correo desde localmagdalena</div>","2025-11-08 10:34:35","2025-11-08 10:34:35"
"210","1702","Llamo por teléfono, hasta dentro de 3 semanas no estará en Madrid, dice que cuando esté pasará a devolverlos",NULL,"2025-11-08 10:42:45","2026-01-26 17:35:53"
"211","1710","Le llamo por teléfono, dice que se pasa la semana que viene sin falta",NULL,"2025-11-08 10:46:16","2026-01-26 18:03:02"
"212","1723","Devolucion historia social del flamenco","<div>Le escribo whatsap porque es un número de teléfono extranjero (Vir)</div>","2025-11-08 10:51:01","2025-11-08 10:51:01"
"213","1713","No está en España, vuelve en una semana y pasará a devolverlo",NULL,"2025-11-08 10:54:22","2026-01-26 18:08:12"
"214","1711","Devolución Viaje a la Palestina ocupada","<div>Dice que pasa mañana a devolverlo</div>","2025-11-08 10:56:36","2025-11-08 10:56:36"
"215","1589","Grabación teléfono no disponible, intentarlo más tarde",NULL,"2025-11-08 11:01:50","2026-01-26 18:12:44"
"216","1668","Devolución  Las raíces del anarquismo","<div>Dice que pasa mañana</div>","2025-11-08 11:04:50","2025-11-08 11:04:50"
"217","1708","No coge el teléfono",NULL,"2025-11-08 11:07:42","2026-01-26 18:19:34"
"218","1703","Devolución libro Ser mujer negra en España","<div>se escribe correo desde localmagdalena</div>","2025-11-08 11:10:07","2025-11-08 11:10:07"
"219","1700","Está en Córdoba, dice que pensaba que una amiga suya los había devuelto, pasará la semana que viene cuando esté en Madrid",NULL,"2025-11-08 11:15:43","2026-01-26 17:38:14"
"220","1402","Devolución libro ""La conquista del pan""","<div>se escribe correo desde localmagdalena</div>","2025-11-08 11:17:53","2025-11-08 11:17:53"
"221","1695","Tiene restringidas las llamadas entrantes",NULL,"2025-11-08 11:21:53","2026-01-27 09:42:27"
"222","1230","En abril dijo que por un accidente no podía salir de casa, le escribo desde localmagdalena",NULL,"2025-11-08 11:30:37","2026-01-27 09:48:32"
"223","1617","Llamo por teléfono, ya no vive en Madrid y los libros están en una casa donde vive una persona mayor, le va a pedir a una amiga que pase a por ellos y nos los devuelva",NULL,"2025-11-27 17:51:52","2026-01-27 09:37:12"
"224","1625","Le escribo por whatsapp por que tiene número de teléfono extranjero (Vir)",NULL,"2025-11-27 17:57:19","2026-01-27 09:53:25"
"225","1641","Devolución libro Los latidos del corazón nunca callan","<div>Se le escribe correo desde localmagdalena</div>","2025-11-27 18:02:27","2025-11-27 18:02:27"
"226","1664","Llamo por tlf. Dice que pasa mañana y si no sin falta la semana que viene",NULL,"2025-11-27 18:18:08","2026-01-27 08:28:10"
"227","1681","Devolución libros","<div>Los tiene en Salamanca, este finde va para allá, pasará la semana que viene por el local para devolverlos</div>","2025-11-27 18:31:45","2025-11-27 18:31:45"
"228","1293","Telefóno no disponible",NULL,"2025-12-15 17:41:16","2025-12-15 17:41:16"
"229","1135","Da un tono y salta el contestador",NULL,"2025-12-15 17:45:17","2025-12-15 17:45:17"
"230","1582","No contesta el teléfono",NULL,"2025-12-15 17:49:38","2025-12-15 17:49:38"
"231","1069","No contesta el teléfono",NULL,"2025-12-15 17:55:18","2025-12-15 17:55:18"
"232","1068","Me cuelga la llamada",NULL,"2025-12-15 17:58:00","2025-12-15 17:58:00"
"233","1421","Los devuelve esta semana","<div>Viene en navidad y los devolverá. Tiene uno perdido, pero se compromete a comprarlo.</div>","2025-12-20 12:43:39","2025-12-20 12:43:39"
"234","1144","Se le deja mensaje en el contestador",NULL,"2026-01-24 10:36:13","2026-01-24 10:36:13"
"235","1029","Dice que se pasa hoy a devolverlos",NULL,"2026-01-24 11:01:58","2026-01-24 11:01:58"
"236","1173","Se le deja mensaje en el contestador",NULL,"2026-01-24 11:09:56","2026-01-24 11:09:56"
"237","1184","Se le manda correo desde localmagdalena",NULL,"2026-01-24 11:19:25","2026-01-24 11:19:25"
"238","685","Se le vuelve a escribir ya que era colaboradora",NULL,"2026-01-24 11:44:09","2026-01-24 11:44:09"
"239","1219","Se le escribe correo desde localmagdalena",NULL,"2026-01-24 11:51:24","2026-01-24 11:51:24"
"240","1247","Se escribe correo desde localmagdalena",NULL,"2026-01-24 12:01:30","2026-01-24 12:01:30"
"241","1253","No está en Madrid. Le va a decir a una amiga que pase a devolverlo. (no sé si lo hará)",NULL,"2026-01-24 12:07:44","2026-01-24 12:07:44"
"242","1136","No existe su correo electrónico, le escribo whatsapp (Vir)",NULL,"2026-01-26 12:36:10","2026-01-26 12:36:10"
"243","1263","Se le escribe whatsap (Vir)",NULL,"2026-01-26 12:37:59","2026-01-26 12:37:59"
"244","1255","Se le escribe whatsap (Vir)",NULL,"2026-01-26 12:41:24","2026-01-26 12:41:24"
"245","1136","No corresponde el número de teléfomo y no existe el correo, se elimina el libro",NULL,"2026-01-26 12:56:38","2026-01-27 08:30:13"
"246","1180","No coge el teléfono, se le escribe whatsap (Vir)",NULL,"2026-01-26 13:32:24","2026-01-26 13:32:24"
"247","1284","Contestó al correo en 2022 diciendo que había devuelto el libro",NULL,"2026-01-26 13:36:30","2026-01-26 13:36:30"
"248","924","Se le escribe whatsap (Vir)",NULL,"2026-01-26 13:46:48","2026-01-26 13:46:48"
"249","1313","Se le vuelve a mandar correo, no tiene teléfono",NULL,"2026-01-26 13:56:39","2026-01-26 13:56:39"
"250","896","Se le manda whatsap (Vir)",NULL,"2026-01-26 14:10:02","2026-01-26 14:10:02"
"251","1135","Se le escribe correo desde localmagdalena",NULL,"2026-01-27 08:25:00","2026-01-27 08:25:00"
"252","1664","Se le manda correo desde localmagdalena",NULL,"2026-01-27 08:28:35","2026-01-27 08:28:35"
"253","1288","Se le manda correo desde localmagdalena",NULL,"2026-01-27 08:30:59","2026-01-27 08:30:59"
"254","982","Se le manda correo desde localmagdalena",NULL,"2026-01-27 08:31:38","2026-01-27 08:31:38"
"255","1328","Se le manda correo desde localmagdalena",NULL,"2026-01-27 08:33:54","2026-01-27 08:33:54"
"256","1632","Se le manda correo desde localmagdalena",NULL,"2026-01-27 08:34:34","2026-01-27 08:34:34"
"257","1786","Se le manda correo desde localmagdalena",NULL,"2026-01-27 08:34:54","2026-01-27 08:34:54"
"258","1769","Se le manda correo desde localmagdalena",NULL,"2026-01-27 08:35:16","2026-01-27 08:35:16"
"259","1782","Se le manda correo desde localmagdalena",NULL,"2026-01-27 08:35:35","2026-01-27 08:35:35"
"260","31","Se le manda correo desde localmagdalena",NULL,"2026-01-27 08:35:53","2026-01-27 08:35:53"
"261","1689","Se le manda correo desde localmagdalena",NULL,"2026-01-27 08:36:14","2026-01-27 08:36:14"
"262","1773","Se le manda correo desde localmagdalena",NULL,"2026-01-27 08:37:11","2026-01-27 08:37:11"
"263","1772","Se le manda correo desde localmagdalena",NULL,"2026-01-27 08:37:32","2026-01-27 08:37:32"
"264","1768","Se le manda correo desde localmagdalena",NULL,"2026-01-27 08:37:53","2026-01-27 08:37:53"
"265","1770","Se le manda correo desde localmagdalena",NULL,"2026-01-27 08:38:11","2026-01-27 08:38:11"
"266","1697","Se le manda correo desde localmagdalena",NULL,"2026-01-27 08:38:49","2026-01-27 08:38:49"
"267","1736","Se le manda correo desde localmagdalena",NULL,"2026-01-27 08:39:06","2026-01-27 08:39:06"
"268","1308","Correo inhabilitado, pendiente llamar por teléfono",NULL,"2026-01-27 08:39:53","2026-01-27 08:39:53"
"269","1760","Se le manda correo desde localmagdalena",NULL,"2026-01-27 08:40:20","2026-01-27 08:40:20"
"270","1756","Se le manda correo desde localmagdalena",NULL,"2026-01-27 08:40:43","2026-01-27 08:40:43"
"271","1755","Se le manda correo desde localmagdalena",NULL,"2026-01-27 08:41:12","2026-01-27 08:41:12"
"272","585","Se le manda correo desde localmagdalena",NULL,"2026-01-27 08:41:34","2026-01-27 08:41:34"
"273","1338","Se le manda correo desde localmagdalena",NULL,"2026-01-27 08:41:57","2026-01-27 08:41:57"
"274","1684","Le robaron el libro y no tenía trabajo en julio, se le manda correo desde localmagdalena",NULL,"2026-01-27 08:42:44","2026-01-27 08:42:44"
"275","1695","Se vuelve a escribir desde localmagdalena",NULL,"2026-01-27 09:43:04","2026-01-27 09:44:14"
"276","1625","Se elimina el libro Nietzsche porque no contesta",NULL,"2026-01-27 09:54:53","2026-01-27 09:54:53"
"277","1582","Se le vuelve a escribir desde localmagdalena",NULL,"2026-01-27 14:49:21","2026-01-27 14:49:21"
"278","1453","se manda correo desde localmagdalena",NULL,"2026-01-27 14:54:31","2026-01-27 14:54:31"
"279","1756","Dice que si devolvió el libro en su día, lo eliminamos del catálogo (En el vientre de la bestia)",NULL,"2026-02-07 10:13:41","2026-02-07 10:14:01"
