"id","created_at","updated_at","title","subtitle","author","other_authors","publisher","year","isbn","quantity","sig1","sig2","keys","description","review","image","profile_image","section_id","edition","abies_book_id","lang_id"
"2","2021-04-18 16:29:29","2023-07-25 16:29:16","(h)amor4 propio",NULL,"VV.AA",NULL,"Continta me tienes",NULL,NULL,"1","VV.","(h)",NULL,NULL,NULL,NULL,NULL,"18",NULL,"4017","1"
"3","2021-04-18 16:29:29","2021-09-21 17:10:47","(h)amor5 húmedo",NULL,"VV.AA",,"Continta me tienes",NULL,NULL,"1","VV.","h)",NULL,NULL,NULL,NULL,NULL,"18",NULL,"4018","1"
"4","2021-04-18 16:29:29","2021-09-21 17:10:47","¡¡Renta básica, ya!!","Ante la falta de derechos","VVAA",,"Virus",NULL,NULL,"1","VVA","ren",NULL,NULL,NULL,NULL,NULL,"6",NULL,"807","1"
"5","2021-04-18 16:29:29","2021-09-21 17:10:47","¡A vivir la anarquía!",NULL,"Rodríguez, Gustavo",,"La Letra Armada",NULL,NULL,"1","ROD","viv",NULL,NULL,NULL,NULL,NULL,"2",NULL,"2917","1"
"6","2021-04-18 16:29:29","2021-09-21 17:10:47","¡Al furgón!",NULL,"Meunier, Henri",,"Takatuka",NULL,"978-84-92696-54-3","1","MEU","fur",NULL,NULL,NULL,NULL,NULL,"35","1ª ed. en castellano","1768","1"
"7","2021-04-18 16:29:29","2023-05-26 17:45:42","¡Arriba jornaleros!","Los campesinos navarros ante la revolución burguesa (1841-1868)","Gastón, José Miguel",NULL,"Txalaparta",NULL,NULL,"1","GAS","arr",NULL,NULL,NULL,NULL,NULL,"47",NULL,"2885","1"
"10","2021-04-18 16:29:29","2021-09-21 17:10:47","¡Escucha,hombrecillo!","Discurso sobre la mediocridad","Reich, Wilhelm",,"La linterna sorda","1948",NULL,"1","REI","esc",NULL,NULL,NULL,NULL,NULL,"16",NULL,"3038","1"
"11","2021-04-18 16:29:29","2021-09-21 17:10:47","¡España libre!",NULL,"Camus, Albert",,"La linterna sorda",NULL,NULL,"1","CAM","esp",NULL,NULL,NULL,NULL,NULL,"26",NULL,"3366","1"
"12","2021-04-18 16:29:29","2023-11-24 18:23:45","¡Maderos, cerdos, asesinos!","Crónica del diciembre griego","VVAA",NULL,"Klinamen",NULL,NULL,"1","VVA","mad",NULL,NULL,NULL,NULL,NULL,"79",NULL,"1324","1"
"14","2021-04-18 16:29:29","2023-04-21 17:20:20","¡No es una estafa! Es una crisis (de civilización)",NULL,"Santiago Muiño, Emilio",NULL,"Enclave de Libros","2015","978-84-94270888","1","SAN","est",NULL,NULL,NULL,NULL,NULL,"74",NULL,"3055","1"
"15","2021-04-18 16:29:29","2021-09-21 17:10:47","¡Pásalo!","Relatos y análisis sobre el 11-M y los días que le siguieron","VVAA",,"Traficantes de sueños",NULL,NULL,"1","VVA","pás",NULL,NULL,NULL,NULL,NULL,"3",NULL,"1596","1"
"17","2021-04-18 16:29:29","2021-09-21 17:10:47","¡Viva el mal! ¡Viva el capital!",NULL,"Alba Rico, Santiago",,"Virus Editorial",NULL,NULL,"1","ALB","viv",NULL,NULL,NULL,NULL,NULL,"3",NULL,"3657","1"
"18","2021-04-18 16:29:29","2021-09-21 17:10:47","¡Viva el poder!",": crítica de la razón de estado","Ziegler, Jean",,"IEPALA","1987","84-85436-40-7","1","ZIE","viv",NULL,NULL,NULL,NULL,NULL,"3",NULL,"649","1"
"19","2021-04-18 16:29:29","2021-09-21 17:10:47","¡Viva la naturaleza!","Escritos libertarios contra la civilización, el progreso y la ciencia (1894-1930)","Roselló, Josep Maria",,"Virus",NULL,NULL,"1","ROS","viv",NULL,NULL,NULL,NULL,NULL,"7",NULL,"781","1"
"20","2021-04-18 16:29:29","2021-09-21 17:10:47","¡Viva tierra y libertad!",NULL,"Rivera, Librado",,"Antorcha",NULL,NULL,"1","RIV","viv",NULL,NULL,NULL,NULL,NULL,"2",NULL,"566","1"
"22","2021-04-18 16:29:29","2021-09-21 17:10:47","¡Yo acuso-- !",": traducción íntegra de 'La verdad en marcha' de Émile Zola : 1898-1999-- , vigencia del Â¡Yo acuso-","Zola, Émile",,"Curso",NULL,"84-89878-05-6","1","ZOL","acu",NULL,NULL,NULL,NULL,NULL,"3","1ª ed.","1006","1"
"23","2021-04-18 16:29:29","2021-09-21 17:10:47","¿Atrapados entre el terror y la guerra ?","Ejército, movimiento pacifista y antimilitarismo en Israel","VVAA",,"Virus Editorial",NULL,"84-96044-56-4","1","VVA","atr",NULL,NULL,NULL,NULL,NULL,"13",NULL,"2089","1"
"25","2021-04-18 16:29:29","2024-11-30 10:38:25","¿Chusma?","a propósito de la quiebra del vínculo social, el final de la integración y la revuelta del otoño d","Dell'Umbria, Alèssi",NULL,"Pepitas de Calabaza","2006","84-88455-59-3","1","DEL","chu",NULL,NULL,NULL,NULL,NULL,"3","1ã ed","673","1"
"26","2021-04-18 16:29:29","2021-09-21 17:10:47","¿Cipayos? Policía vasca o brazo armado del PNV",NULL,"Agirre, Joxean",,"Txalaparta",NULL,NULL,"1","AGI","cip",NULL,NULL,NULL,NULL,NULL,"21",NULL,"3223","1"
"27","2021-04-18 16:29:29","2021-09-21 17:10:47","¿Cómo funciona el capitalismo?","El intercambio desigual y la ley del valor","Amin, Samir",,"Siglo Veintiuno de España",NULL,NULL,"1","AMI","cóm",NULL,NULL,NULL,NULL,NULL,"4",NULL,"730","1"
"28","2021-04-18 16:29:29","2021-09-21 17:10:47","¿Cómo se sale de aquí?","Una historia del parto","Hutter Epstein, Randi",,"Turner",NULL,NULL,"1","HUT","cóm",NULL,NULL,NULL,NULL,NULL,"17",NULL,"2894","1"
"31","2021-04-18 16:29:29","2021-09-21 17:10:47","¿Democracia o acracia?",": divagaciones para salir de una crisis","Blanco, Antonio",,"Salud",NULL,"84-921061-1-5","1","BLA","dem",NULL,NULL,NULL,NULL,NULL,"2","1ª ed.","516","1"
"34","2021-04-18 16:29:29","2021-09-21 17:10:47","¿Hay que colgarlos?",": una experiencia sobre marginación y poder","Castro, Enrique de",,"Desclée de Brouwer",NULL,"84-330-0651-7","1","CAS","hay",NULL,NULL,NULL,NULL,NULL,"14","2ª ed. corr","121","1"
"36","2021-04-18 16:29:29","2021-09-21 17:10:47","¿Pipocas? ¿Qué es eso?",NULL,"Pfeil, Stefanie",,"Takatuka",NULL,"978-84-92696-15-4","1","PFE","pip",NULL,NULL,NULL,NULL,NULL,"35","1ª ed. en castellano","1767","1"
"40","2021-04-18 16:29:29","2021-09-21 17:10:47","¿Por qué no Marx, no habló de copyright?",NULL,"García Aristegui, David",,"Enclave de Libros",NULL,NULL,"1","GAR","qué",NULL,NULL,NULL,NULL,NULL,"3",NULL,"3204","1"
"41","2021-04-18 16:29:29","2023-04-21 17:07:23","¿Por qué no nos dejan hacer en la calle?","Prácticas de control social y privatización de los espacios públicos en la ciudad capitalista.","VVAA",NULL,"GEA La Corrala",NULL,NULL,"1","VVA","qué",NULL,NULL,NULL,NULL,NULL,"9",NULL,"2647","1"
"43","2021-04-18 16:29:29","2021-09-21 17:10:47","¿Qué es el anarquismo?",NULL,"González, Alfredo",,"Ediciones Antorcha",NULL,NULL,"1","GON","qué",NULL,NULL,NULL,NULL,NULL,"2",NULL,"3695","1"
"44","2021-04-18 16:29:29","2021-09-21 17:10:47","¿Qué es el arte?",NULL,"Tolstoi, Leon",,"Alba",NULL,"84-89715-92-0","1","TOL","qué",NULL,NULL,NULL,NULL,NULL,"22","1ª reimp.","390","1"
"45","2021-04-18 16:29:29","2021-09-21 17:10:47","¿Qué es el Estado?",NULL,"García Calvo, Agustín",,"El salmón",NULL,NULL,"1","GAR","qué",NULL,NULL,NULL,NULL,NULL,"2",NULL,"3886","1"
"46","2021-04-18 16:29:29","2021-09-21 17:10:47","¿Qué es el hombre?",NULL,"Buber, Martin",,"F.C.E. de España","1986","84-375-0071-0","1","BUB","qué",NULL,NULL,NULL,NULL,NULL,"22","[1ª ed. en español]","281","1"
"48","2021-04-18 16:29:29","2021-09-21 17:10:47","¿Qué es la filosofía?",NULL,"VVAA",,"Anagrama",NULL,"84-339-1364-6","1","VVA","qué",NULL,NULL,NULL,NULL,NULL,"22",NULL,"305","1"
"49","2021-04-18 16:29:29","2021-09-21 17:10:47","¿Qué es la patafísica?",NULL,"Baj, Enrico",,"Pepitas de Calabaza","2007","978-84-935704-0-8","1","BAJ","qué",NULL,NULL,NULL,NULL,NULL,"5","1ª ed","681","1"
"50","2021-04-18 16:29:29","2021-09-21 17:10:47","¿Qué es la propiedad?",": investigaciones acerca de su principio, de su derecho y de su autoridad","Proudhon, Pierre-Joseph",,"Júcar","1984","84-334-1515-8","1","PRO","qué",NULL,NULL,NULL,NULL,NULL,"2","1ª ed.","534","1"
"51","2021-04-18 16:29:29","2021-09-21 17:10:47","¿Qué es la propiedad?",NULL,"Proudhon, Pierre-Joseph",,"Tusguets",NULL,NULL,"1","PRO","qué",NULL,NULL,NULL,NULL,NULL,"2",NULL,"4009","1"
"53","2021-04-18 16:29:29","2021-09-21 17:10:47","¿Que es la socialización?",NULL,"Korsch, Karl",,"Ariel","1975","84-344-0769-8","1","KOR","es",NULL,NULL,NULL,NULL,NULL,"4",NULL,"1178","1"
"54","2021-04-18 16:29:29","2021-09-21 17:10:47","¿Qué fue 'lo Hipster'?","Una investigación sociológica","Greif, Mark",NULL,"Alpha Decay",NULL,NULL,"1","GRE","qué",NULL,NULL,NULL,NULL,NULL,"3",NULL,"3417","1"
"55","2021-04-18 16:29:29","2021-09-21 17:10:47","¿Qué hay en mi nevera?",NULL,"Anónimo",,"Ochodoscuatro Ediciones",NULL,NULL,"1","ANO","qué",NULL,NULL,NULL,NULL,NULL,"35",NULL,"3049","1"
"56","2021-04-18 16:29:29","2021-09-21 17:10:47","¿Qué viene después de mil?",NULL,"Bley, Anette",,"Takatuka","2005","9788492696017","1","BLE","qué",NULL,NULL,NULL,NULL,NULL,"35",NULL,"1772","1"
"57","2021-04-18 16:29:29","2021-09-21 17:10:47","¿Quién dice no?","En torno a la anarquía","García Calvo, Agustín",,"Fundación de Estudios Libertarios Anselmo de Lorenzo",NULL,NULL,"1","GAR","qui",NULL,NULL,NULL,NULL,NULL,"2",NULL,"3236","1"
"58","2021-04-18 16:29:29","2021-09-21 17:10:47","¿Quién lleva la gorra?",NULL,"Colectivo Juguetes Perdidos",,"Tinta limón",NULL,NULL,"1","COL","qui",NULL,NULL,NULL,NULL,NULL,"20",NULL,"3824","1"
"59","2021-04-18 16:29:29","2021-09-21 17:10:47","¿Quién quiere jugar?",NULL,"Landstreicher, W. y Faun, F.",,"La Letra Armada",NULL,NULL,"1","LAN","qui",NULL,NULL,NULL,NULL,NULL,"2",NULL,"2914","1"
"61","2021-04-18 16:29:29","2021-09-21 17:10:47","¿Sólo un dios puede aún salvarnos?","Heidegger y la técnica","Rodríguez Hidalgo, Javier",,"Ediciones El Salmón",NULL,NULL,"1","ROD","sól",NULL,NULL,NULL,NULL,NULL,"7",NULL,"2906","1"
"62","2021-04-18 16:29:29","2021-09-21 17:10:47","¿Tomar el poder o construir la sociedad desde abajo?","Un manual para asaltar los infiernos","Taibo, Carlos",,"Catarata",NULL,"978-84-9097-017-1","1","TAI","tom",NULL,NULL,NULL,NULL,NULL,"2",NULL,"3059","1"
"63","2021-04-18 16:29:29","2021-09-21 17:10:47","¿Un nuevo orden internacional?",": una introducción a los problemas internacionales en el final del siglo","VVAA",,"Ediciones de la Torre",NULL,"84-7960-034-9","1","VVA","nue",NULL,NULL,NULL,NULL,NULL,"3","[1ª ed.]","668","1"
"64","2021-04-18 16:29:29","2021-09-21 17:10:47","¿Una política sin clases? El post-marxismo y su legado",NULL,"Meiksins Wood, Ellen",,"ryr",NULL,NULL,"1","MEI","pol",NULL,NULL,NULL,NULL,NULL,"4",NULL,"3802","1"
"65","2021-04-18 16:29:29","2021-09-21 17:10:47","¿Y ahora qué?","Impactos y resistencia social frente a la embestida ultraliberal","VVAA",,"Libros en acción",NULL,NULL,"1","VVA","aho",NULL,NULL,NULL,NULL,NULL,"3",NULL,"3385","1"
"67","2021-04-18 16:29:29","2021-09-21 17:10:47","155",NULL,"Comotto, Agustín",,"Nórdica",NULL,NULL,"1","COM","155",NULL,NULL,NULL,NULL,NULL,"36",NULL,"3806","1"
"68","2021-04-18 16:29:29","2023-11-17 19:38:31","1789",": Revolución francesa","Lefebvre, Georges",NULL,"Laia","1974","84-7222-236-5","1","LEF","178",NULL,NULL,NULL,NULL,NULL,"55","2ª ed.","919","1"
"69","2021-04-18 16:29:29","2023-06-16 17:34:30","1968, el año sublime de la acracia",NULL,"Amorós, Miguel",NULL,"Muturreko Burutazioak",NULL,"978-84-92559-28-2","1","AMO","196",NULL,NULL,NULL,NULL,NULL,"51",NULL,"2811","1"
"70","2021-04-18 16:29:29","2021-09-21 17:10:47","1984",NULL,"Orwell, George",,"Destino",NULL,"84-233-0983-5","1","ORW","198",NULL,NULL,NULL,NULL,NULL,"34","27ª ed.","607","1"
